time,open,high,low,close,volume,ticker
2020-07-28,30160,30160,30160,30160,275200,APH
2020-07-29,32219,32219,32219,32219,193780,APH
2020-07-30,34460,34460,34460,34460,370550,APH
2020-07-31,36761,36822,33612,36519,328950,APH
2020-08-03,33975,36882,33975,34520,290720,APH
2020-08-04,34217,36882,33915,36882,434910,APH
2020-08-05,36882,39365,36761,39365,520410,APH
2020-08-06,39365,41182,38457,41122,525700,APH
2020-08-07,41061,41667,40758,41485,504240,APH
2020-08-10,41485,41485,38760,39062,413640,APH
2020-08-11,38760,39668,38033,39426,403850,APH
2020-08-12,39426,40576,39426,40334,423970,APH
2020-08-13,40455,41788,40455,41606,524120,APH
2020-08-14,41727,42999,41727,42817,536830,APH
2020-08-17,42817,42999,41182,41182,315400,APH
2020-08-18,41182,42393,41000,42393,415720,APH
2020-08-19,42393,44816,42333,43907,530760,APH
2020-08-20,44089,44755,43907,43907,434060,APH
2020-08-21,44089,45421,43907,45179,481230,APH
2020-08-24,45300,45724,45179,45240,358550,APH
2020-08-25,45240,45421,44150,45119,323070,APH
2020-08-26,45119,45421,44331,44574,402650,APH
2020-08-27,43907,45119,43726,44816,393330,APH
2020-08-28,44998,45300,44452,44574,337940,APH
2020-08-31,44452,45119,44271,44392,314520,APH
2020-09-01,44392,44998,44392,44695,335240,APH
2020-09-03,44816,45240,44695,44816,252350,APH
2020-09-04,44816,44937,44089,44452,214910,APH
2020-09-07,44452,44755,44392,44574,242810,APH
2020-09-08,44574,44816,44392,44634,238060,APH
2020-09-09,44634,44634,44089,44210,208670,APH
2020-09-10,44210,44210,43605,44210,212090,APH
2020-09-11,43907,45421,43907,44876,284190,APH
2020-09-14,44998,45724,44998,45664,317130,APH
2020-09-15,45664,45906,45240,45482,204520,APH
2020-09-16,45482,45724,45240,45421,212890,APH
2020-09-17,45300,45421,44695,45421,232380,APH
2020-09-18,45421,45421,45119,45300,204480,APH
2020-09-21,45421,45724,45361,45361,215940,APH
2020-09-22,45361,45482,45179,45421,244710,APH
2020-09-23,45421,46027,45421,45543,288610,APH
2020-09-24,45543,45845,45361,45421,316050,APH
2020-09-25,45421,45543,45119,45179,246560,APH
2020-09-28,45179,45543,45119,45361,266240,APH
2020-09-29,45361,45482,44816,44937,340880,APH
2020-09-30,44816,45361,44816,45058,293790,APH
2020-10-01,45058,45421,44998,45240,264660,APH
2020-10-02,45240,45361,44816,44876,227290,APH
2020-10-05,44876,45058,44755,44937,358150,APH
2020-10-06,44937,45058,44755,44998,292970,APH
2020-10-07,44998,44998,44634,44816,242560,APH
2020-10-08,44816,44998,44574,44695,322770,APH
2020-10-09,44695,44998,44150,44513,266880,APH
2020-10-12,44513,44755,43968,44089,215630,APH
2020-10-13,44089,44331,43665,43726,334730,APH
2020-10-14,43726,44210,43726,44089,253810,APH
2020-10-15,44089,44210,43362,43605,282950,APH
2020-10-16,43605,43907,42393,43544,345160,APH
2020-10-19,43544,44210,43544,44089,405950,APH
2020-10-20,44089,44089,43665,43907,225660,APH
2020-10-21,43907,44150,43605,43665,357560,APH
2020-10-22,43665,44029,43362,44029,437230,APH
2020-10-23,44029,44695,44029,44513,461180,APH
2020-10-26,44513,45058,44513,44574,384310,APH
2020-10-27,44452,44452,43786,43968,338750,APH
2020-10-28,43847,44089,43241,43544,368740,APH
2020-10-29,43423,43847,42757,42757,308900,APH
2020-10-30,45724,45724,43120,45119,851700,APH
2020-11-02,45119,45543,45058,45543,463500,APH
2020-11-03,45421,45664,44998,45179,408710,APH
2020-11-04,45058,45603,44876,44876,468240,APH
2020-11-05,44876,45300,44634,44816,368900,APH
2020-11-06,44816,45421,44574,44937,389310,APH
2020-11-09,44937,45664,44876,45482,407990,APH
2020-11-10,45482,45664,45240,45421,304120,APH
2020-11-11,45724,48571,45724,48571,566220,APH
2020-11-12,48752,49782,48692,49540,475780,APH
2020-11-13,49600,50266,49176,49358,369970,APH
2020-11-16,49237,49721,48510,49116,420030,APH
2020-11-17,49116,49358,48510,48692,384540,APH
2020-11-18,48692,49358,48510,49237,3001870,APH
2020-11-19,49176,52447,49116,52447,3318800,APH
2020-11-20,52447,52447,52083,52204,3587180,APH
2020-11-23,52083,52204,51417,52204,3525450,APH
2020-11-24,52204,52326,51599,51659,3713010,APH
2020-11-25,51659,52628,51659,52568,4008790,APH
2020-11-26,52568,52628,52144,52628,3912340,APH
2020-11-27,52689,56262,52265,55959,4130530,APH
2020-11-30,55959,55959,54688,54869,978710,APH
2020-12-01,53476,54688,52871,53961,2013750,APH
2020-12-02,53779,54688,52568,54627,1913650,APH
2020-12-03,54627,54869,53900,54385,1809640,APH
2020-12-04,54385,54748,54082,54445,1272320,APH
2020-12-07,54627,54990,54506,54566,727390,APH
2020-12-08,54566,54869,54203,54445,603600,APH
2020-12-09,54445,54688,54264,54385,566410,APH
2020-12-10,54748,54809,53900,53900,643420,APH
2020-12-11,53840,53840,52689,53295,553190,APH
2020-12-14,53416,54142,53416,54142,632320,APH
2020-12-15,54324,54324,53658,53779,527030,APH
2020-12-16,53900,53900,51175,51659,564380,APH
2020-12-17,51478,51599,49055,49600,530780,APH
2020-12-18,49540,49540,46148,46148,570900,APH
2020-12-21,46330,48571,46330,48268,658500,APH
2020-12-22,48268,48450,46875,47057,510100,APH
2020-12-23,47057,47117,45421,45664,447710,APH
2020-12-24,45724,45845,44029,44695,430610,APH
2020-12-25,44816,46209,44816,46209,508980,APH
2020-12-28,46209,46572,45724,45967,477120,APH
2020-12-29,45967,45967,44816,45119,502260,APH
2020-12-30,45179,45785,45058,45058,546080,APH
2020-12-31,45179,45482,45058,45300,478190,APH
2021-01-04,45300,45482,44210,44392,521800,APH
2021-01-05,44452,44452,43605,43907,476200,APH
2021-01-06,44150,44150,43302,43786,436100,APH
2021-01-07,43907,44210,43423,43907,601300,APH
2021-01-08,44029,44029,42999,42999,365100,APH
2021-01-11,43060,43120,40758,41303,529000,APH
2021-01-12,41243,42091,40819,42030,462700,APH
2021-01-13,42030,42757,42030,42636,466600,APH
2021-01-14,42696,42817,41788,42575,597300,APH
2021-01-15,42696,42696,42091,42212,400000,APH
2021-01-18,42030,42212,41061,41364,413800,APH
2021-01-19,41182,41182,38699,39365,351600,APH
2021-01-20,39123,39486,37669,38154,459500,APH
2021-01-21,38275,39668,38154,39668,503500,APH
2021-01-22,40031,40576,39668,39668,463000,APH
2021-01-25,39729,39789,39426,39486,434300,APH
2021-01-26,39426,39426,37730,38699,363800,APH
2021-01-27,38215,38457,36458,36519,305800,APH
2021-01-28,34884,34884,33975,33975,202400,APH
2021-01-29,32158,34520,32158,34399,517600,APH
2021-02-01,34460,34762,33491,33733,346300,APH
2021-02-02,33793,34762,33612,34702,437000,APH
2021-02-03,34823,36519,34823,36519,426200,APH
2021-02-04,36579,38033,36458,37851,561900,APH
2021-02-05,38033,38457,37912,37912,371400,APH
2021-02-08,37730,38457,37185,37972,889000,APH
2021-02-09,38033,40455,37730,40455,1030200,APH
2021-02-17,40576,41243,40455,41182,1087500,APH
2021-02-18,41364,41424,40758,41061,1010400,APH
2021-02-19,40940,41243,40153,40576,1043300,APH
2021-02-22,40576,40576,39971,40334,1422400,APH
2021-02-23,40334,42272,40153,42151,1526700,APH
2021-02-24,42272,42333,41243,41545,1428700,APH
2021-02-25,41545,41667,40940,41485,1502000,APH
2021-02-26,41182,41545,40698,41485,1724700,APH
2021-03-01,41545,41788,41000,41061,1039700,APH
2021-03-02,41061,41243,39971,40334,731200,APH
2021-03-03,43135,43135,40974,41935,768300,APH
2021-03-04,42015,42175,39694,40174,588300,APH
2021-03-05,40174,40654,39614,40014,535200,APH
2021-03-08,40094,40734,39854,40094,720600,APH
2021-03-09,40174,40174,39214,39534,518300,APH
2021-03-10,39614,40494,39374,40334,564900,APH
2021-03-11,40654,41054,40334,40414,706900,APH
2021-03-12,40414,40494,39614,39934,477600,APH
2021-03-15,40174,40174,39294,39454,561100,APH
2021-03-16,39614,39614,38574,39454,680500,APH
2021-03-17,39214,39614,38814,39614,726200,APH
2021-03-18,39934,40094,39454,39614,528200,APH
2021-03-19,39454,39454,38333,39454,682300,APH
2021-03-22,39374,39454,38574,39294,585200,APH
2021-03-23,39294,39294,38614,39134,694500,APH
2021-03-24,38974,39054,38173,39054,533500,APH
2021-03-25,38974,39054,38333,38814,506700,APH
2021-03-26,38654,39214,38013,38814,560100,APH
2021-03-29,38894,39134,38494,39014,614100,APH
2021-03-30,39054,39214,38574,38974,641000,APH
2021-03-31,38974,39054,38574,38974,479500,APH
2021-04-01,39054,39054,38414,38774,469100,APH
2021-04-02,38734,38894,38414,38894,533100,APH
2021-04-05,38974,39214,38734,38974,581400,APH
2021-04-06,38814,39054,38574,38974,1575100,APH
2021-04-07,39054,40894,39054,40894,655700,APH
2021-04-08,41054,41215,40414,40574,540500,APH
2021-04-09,40494,40814,40014,40574,551400,APH
2021-04-12,40574,40574,39374,40014,746300,APH
2021-04-13,39854,39974,38814,39614,518700,APH
2021-04-14,39454,39774,38654,39694,642100,APH
2021-04-15,39854,40014,39374,39694,762600,APH
2021-04-16,39694,39774,38013,39774,636800,APH
2021-04-19,39774,39854,39454,39614,807500,APH
2021-04-20,39694,40814,39454,40334,1049500,APH
2021-04-22,40414,40414,39294,39374,998700,APH
2021-04-23,39454,40734,39214,40734,1305500,APH
2021-04-26,40654,42335,40494,42335,1493500,APH
2021-04-27,42495,43535,42175,43455,1346800,APH
2021-04-28,43455,44336,43295,43535,1132600,APH
2021-04-29,43135,43535,42335,42895,1023500,APH
2021-05-04,42575,43455,42175,43375,1084500,APH
2021-05-05,43375,43936,42895,42895,1251700,APH
2021-05-06,42975,43615,42575,42895,1022700,APH
2021-05-07,42895,43455,42415,43215,1097200,APH
2021-05-10,43295,45536,43135,45456,1559800,APH
2021-05-11,45616,46576,45536,45856,1653800,APH
2021-05-12,45856,46096,45216,45616,2094100,APH
2021-05-13,45376,45856,45136,45696,1828700,APH
2021-05-14,45696,45776,45376,45616,2003800,APH
2021-05-17,45616,46176,45616,45936,2107400,APH
2021-05-18,45856,45856,42735,45056,2227200,APH
2021-05-19,44976,45776,44656,45376,2301600,APH
2021-05-20,45376,47537,44976,47217,2413300,APH
2021-05-21,47057,47297,46416,47057,2362900,APH
2021-05-24,46977,49217,46657,49217,3061200,APH
2021-05-25,49378,51058,49378,50338,2717700,APH
2021-05-26,50178,51298,49137,50738,2820100,APH
2021-05-27,50818,54259,50818,54259,2867200,APH
2021-05-28,54419,56820,54419,56420,3134900,APH
2021-05-31,56420,58661,54900,58661,1032100,APH
2021-06-01,58741,59061,54659,54659,805100,APH
2021-06-02,54019,54259,50898,50898,470600,APH
2021-06-03,50738,50898,47377,49938,1056000,APH
2021-06-04,49938,50258,48577,49938,1116300,APH
2021-06-07,49938,49938,48817,49618,1043500,APH
2021-06-08,49137,49618,48017,48177,969200,APH
2021-06-09,48177,48337,47777,48177,1117100,APH
2021-06-10,48177,50818,48177,50418,1403500,APH
2021-06-11,50498,51218,49618,50178,1098300,APH
2021-06-14,51298,51298,49938,50178,1025200,APH
2021-06-15,50098,50258,49538,50018,1216200,APH
2021-06-16,50098,50658,48817,50018,1104700,APH
2021-06-17,49618,50258,48177,50258,582900,APH
2021-06-18,50338,53459,49938,53459,446200,APH
2021-06-21,51298,53219,49858,50418,559500,APH
2021-06-22,50258,50418,48017,49297,506900,APH
2021-06-23,48977,49217,48017,48817,489000,APH
2021-06-24,48817,48817,46817,47057,534300,APH
2021-06-25,47057,47937,46977,47697,551900,APH
2021-06-28,47697,47937,46256,47137,468000,APH
2021-06-29,47137,47697,47057,47457,467300,APH
2021-06-30,47777,47857,45616,46897,420500,APH
2021-07-01,46897,47137,46096,46817,494900,APH
2021-07-02,46657,46817,45536,45616,480800,APH
2021-07-05,45616,45776,43695,44256,1512400,APH
2021-07-06,44256,45056,44096,44176,1604500,APH
2021-07-07,44176,44816,43375,44176,1540000,APH
2021-07-08,44176,45616,44176,45216,1847200,APH
2021-07-09,45216,45456,43455,43455,1395600,APH
2021-07-12,43455,43936,40414,40414,4570400,APH
2021-07-13,40414,41215,39534,39934,1186700,APH
2021-07-14,31940,32000,31100,32000,1363700,APH
2021-07-15,32000,32640,31810,32640,997600,APH
2021-07-16,32640,33280,32000,32640,1115700,APH
2021-07-19,32060,32380,30460,30660,1029700,APH
2021-07-20,30660,30660,28510,28930,1105500,APH
2021-07-21,28990,29570,28670,29120,953500,APH
2021-07-22,29120,29700,29060,29570,871300,APH
2021-07-23,29570,29700,28420,29060,790700,APH
2021-07-26,28610,29250,27840,28100,903300,APH
2021-07-27,28160,28480,27840,28350,760000,APH
2021-07-28,28420,28420,27970,28420,829000,APH
2021-07-29,28420,29120,28160,29060,975500,APH
2021-07-30,29180,29380,29060,29280,1132400,APH
2021-08-02,29250,29890,28860,29570,1017600,APH
2021-08-03,29310,29440,28290,28930,805200,APH
2021-08-04,28990,29380,28480,29120,1119300,APH
2021-08-05,29120,29250,28540,28800,1478100,APH
2021-08-06,28930,30080,28640,30020,2083700,APH
2021-08-09,30080,31810,30080,31740,2140000,APH
2021-08-10,32000,32259,30720,31230,2037400,APH
2021-08-11,31300,31300,30240,30400,1896200,APH
2021-08-12,30400,30530,29310,29310,1841500,APH
2021-08-13,29310,30020,29250,29950,2654800,APH
2021-08-16,30020,31300,30020,31230,2533300,APH
2021-08-17,31300,31550,30080,30400,2503900,APH
2021-08-18,30400,30660,30020,30210,3024300,APH
2021-08-19,30270,32320,30270,32320,3460400,APH
2021-08-20,32450,33790,32000,32960,4172400,APH
2021-08-23,33020,33600,32000,32580,3521000,APH
2021-08-24,32580,33020,30720,31300,3495800,APH
2021-08-25,31300,31680,29180,30400,3732100,APH
2021-08-26,30460,30780,29700,30080,3582200,APH
2021-08-27,30080,32130,28800,32130,12003900,APH
2021-08-30,32189,34370,32189,34370,10686800,APH
2021-08-31,34430,36220,33150,34370,9221600,APH
2021-09-01,33600,34370,32700,33920,5727500,APH
2021-09-06,33980,35520,33980,35330,15550300,APH
2021-09-07,35140,35140,32900,32900,5610400,APH
2021-09-08,33090,33600,31490,33220,2517900,APH
2021-09-09,33150,33220,32259,32770,1875000,APH
2021-09-10,32770,33470,32320,32320,1783400,APH
2021-09-13,32320,32380,30400,32000,5128300,APH
2021-09-14,31620,32320,30080,30080,3072500,APH
2021-09-15,30270,30980,30140,30720,1970100,APH
2021-09-16,30660,30720,29630,29630,2266400,APH
2021-09-17,29760,30210,27650,27650,3749100,APH
2021-09-20,28220,28990,27780,28420,2882900,APH
2021-09-21,28160,29440,27900,28540,2168100,APH
2021-09-22,28610,28800,27970,28290,1720600,APH
2021-09-23,28350,28740,28160,28420,2137000,APH
2021-09-24,28480,28740,28220,28290,1856000,APH
2021-09-27,28350,28610,26750,26880,2140700,APH
2021-09-28,26940,27140,25600,26530,1667300,APH
2021-09-29,26500,26500,25630,25980,1555500,APH
2021-09-30,26050,26140,25630,25980,1210400,APH
2021-10-01,25980,26050,25630,25790,1030300,APH
2021-10-04,25790,27010,25630,26620,1585300,APH
2021-10-05,26620,27520,26620,27170,1736800,APH
2021-10-06,27200,27460,26880,27010,1705600,APH
2021-10-07,27010,27010,26080,26370,1942800,APH
2021-10-08,26430,26750,25920,26240,2182500,APH
2021-10-11,26300,26460,25660,26370,1962300,APH
2021-10-12,26430,27230,26370,27170,2944200,APH
2021-10-13,27200,27200,26300,26750,1761800,APH
2021-10-14,26750,27420,26300,26780,3204700,APH
2021-10-15,26850,27200,26590,26880,2602400,APH
2021-10-18,26910,27170,26300,26820,2626700,APH
2021-10-19,26780,26780,26240,26500,1869100,APH
2021-10-20,26530,26750,25860,26240,2715000,APH
2021-10-21,26270,26400,25660,25950,2183800,APH
2021-10-22,25980,26400,25950,26300,3069100,APH
2021-10-25,26400,27170,26400,27010,3344500,APH
2021-10-26,27040,27100,26370,26880,2187600,APH
2021-10-27,26910,27170,26430,26880,3502600,APH
2021-10-28,26880,27140,26500,26880,3143300,APH
2021-10-29,26910,27040,26660,26880,2698800,APH
2021-11-01,26940,27520,26940,27460,4953500,APH
2021-11-02,27580,28420,27550,28100,4686700,APH
2021-11-03,28130,28160,26850,26880,4220700,APH
2021-11-04,26880,26940,26270,26500,3220400,APH
2021-11-05,26530,27360,26240,27010,4388200,APH
2021-11-08,26980,27490,26720,27070,3898800,APH
2021-11-09,27100,27200,26660,26880,3708100,APH
2021-11-10,26880,28320,26560,27840,6972400,APH
2021-11-11,27840,29250,27780,28770,9080300,APH
2021-11-12,28800,29280,28480,29060,13328000,APH
2021-11-15,29090,29120,28220,28610,5213000,APH
2021-11-16,28540,28540,27460,27710,5616900,APH
2021-11-17,27740,28320,27390,28060,5198100,APH
2021-11-18,28100,28350,27650,27940,5342700,APH
2021-11-19,27970,28260,26240,26940,5259900,APH
2021-11-22,27140,27140,25950,25980,4503500,APH
2021-11-23,25980,26500,25700,26050,4017700,APH
2021-11-24,26080,26460,26020,26210,3482100,APH
2021-11-25,26240,26370,25950,26080,3173600,APH
2021-11-26,26140,26370,25790,25890,3930300,APH
2021-11-29,25600,25790,24990,25790,5119400,APH
2021-11-30,25860,26110,24960,25410,4151700,APH
2021-12-01,25220,25280,24380,24580,5062100,APH
2021-12-02,24640,24900,24580,24770,3285800,APH
2021-12-03,24800,24990,23680,23680,3948600,APH
2021-12-06,23420,23680,22050,22050,5551600,APH
2021-12-07,22400,22940,22400,22910,8172400,APH
2021-12-08,23040,23550,23040,23260,7630200,APH
2021-12-09,23260,23940,23140,23870,6062200,APH
2021-12-10,23940,24190,23360,23550,5207100,APH
2021-12-13,23620,23680,23040,23300,4979200,APH
2021-12-14,23330,23360,22620,22980,4814300,APH
2021-12-15,23010,23460,22780,23040,4213900,APH
2021-12-16,23070,23230,22560,22750,3988300,APH
2021-12-17,22750,22820,22180,22180,3930000,APH
2021-12-20,22240,22240,21380,21630,3883400,APH
2021-12-21,21500,23140,21120,23140,6615200,APH
2021-12-22,23330,24740,23330,24000,9738600,APH
2021-12-23,24000,24900,22530,24000,10287400,APH
2021-12-24,24060,24100,22780,23490,6090800,APH
2021-12-27,23550,24290,23040,23870,8918900,APH
2021-12-28,24000,24830,24000,24580,10396800,APH
2021-12-29,24640,24930,24190,24380,5429700,APH
2021-12-30,24420,24640,23900,23940,4613400,APH
2021-12-31,23940,24290,23680,23780,7051200,APH
2022-01-04,23870,24320,23680,24100,5783200,APH
2022-01-05,24130,24290,23680,23780,5911200,APH
2022-01-06,23780,24220,23360,23840,7597500,APH
2022-01-07,23870,24190,23580,23680,7119100,APH
2022-01-10,23710,23740,23040,23230,7093000,APH
2022-01-11,23040,23230,21890,22080,6452500,APH
2022-01-12,22110,22560,21060,22210,6985200,APH
2022-01-13,22240,22500,21440,21730,5400500,APH
2022-01-14,21410,21920,20830,21730,5890900,APH
2022-01-17,21790,22300,21060,21150,7470500,APH
2022-01-18,21150,21410,20380,20800,5319100,APH
2022-01-19,20830,21060,20160,20480,4366800,APH
2022-01-20,20480,20540,19840,20220,5435000,APH
2022-01-21,20380,20700,20160,20480,4553300,APH
2022-01-24,25560,25560,24520,24720,5049400,APH
2022-01-25,24560,24840,23840,24760,5095000,APH
2022-01-26,24720,25520,24120,25280,5231400,APH
2022-01-27,25320,25400,24560,24800,4211900,APH
2022-01-28,24800,25080,24320,24960,5078100,APH
2022-02-07,25240,25960,24960,25840,4208000,APH
2022-02-08,25840,26640,25520,26480,4799800,APH
2022-02-09,26560,27520,26560,27440,6865200,APH
2022-02-10,28300,29350,28200,29350,1902900,APH
2022-02-11,29950,30950,28750,29500,7896500,APH
2022-02-14,29050,29250,28200,28200,6009900,APH
2022-02-15,28000,28700,27600,28550,6354600,APH
2022-02-16,28850,29350,28550,28600,5307000,APH
2022-02-17,28650,29200,28200,28800,3976500,APH
2022-02-18,28600,28600,28200,28600,3999100,APH
2022-02-21,28700,28950,28300,28600,5108800,APH
2022-02-22,28000,28450,27600,28150,5614900,APH
2022-02-23,28300,28700,27750,28100,5243800,APH
2022-02-24,27800,28100,26200,26800,5414000,APH
2022-02-25,27150,27400,26800,26900,5066400,APH
2022-02-28,26950,26950,26150,26250,4769600,APH
2022-03-01,26200,27250,26200,27000,4208400,APH
2022-03-02,27100,27100,26450,26800,4364500,APH
2022-03-03,26900,27150,26550,27100,4106700,APH
2022-03-04,27300,27300,26700,26750,4894300,APH
2022-03-07,26700,26700,26100,26350,4561900,APH
2022-03-08,26200,26700,26050,26250,3526500,APH
2022-03-09,26250,26500,25500,25950,4826600,APH
2022-03-10,26200,26250,25700,25700,3480300,APH
2022-03-11,25600,25750,25150,25250,4605400,APH
2022-03-14,25250,25450,24750,24800,3488000,APH
2022-03-15,24850,25200,24700,24900,2852200,APH
2022-03-16,25000,26600,25000,26600,12176000,APH
2022-03-17,27000,27650,26600,26700,5990300,APH
2022-03-18,26700,26950,25800,25800,4573100,APH
2022-03-21,26000,26450,25400,26100,6263600,APH
2022-03-22,26150,26500,26000,26300,5958500,APH
2022-03-23,26500,27700,26400,26900,11552100,APH
2022-03-24,27000,28750,27000,28750,14757800,APH
2022-03-25,29200,30200,28550,30100,13331400,APH
2022-03-28,29050,30000,28400,29300,8611800,APH
2022-03-29,29300,30900,29250,30500,9133600,APH
2022-03-30,29900,30300,28400,28600,10187300,APH
2022-03-31,28750,29250,27800,27800,9035600,APH
2022-04-01,27600,29000,26900,29000,8525500,APH
2022-04-04,29200,29500,28400,28700,6903400,APH
2022-04-05,28700,28700,28000,28150,5723200,APH
2022-04-06,28000,28450,27500,27700,7090000,APH
2022-04-07,27750,28100,26250,26250,8234900,APH
2022-04-08,26500,26900,25850,26650,6785200,APH
2022-04-12,27000,27250,25600,25600,7064500,APH
2022-04-13,25750,26150,25000,26150,6950400,APH
2022-04-14,26200,26550,25700,25750,4935100,APH
2022-04-15,25800,25800,24900,24900,6781100,APH
2022-04-18,24900,24900,23200,23200,6496800,APH
2022-04-19,23000,23400,21600,21600,8652500,APH
2022-04-20,21000,21650,20100,20100,7036900,APH
2022-04-21,18900,19500,18700,18700,4143500,APH
2022-04-22,18000,20000,18000,19250,7730400,APH
2022-04-25,19300,19450,17950,17950,3568400,APH
2022-04-26,17350,18300,16700,18300,6017300,APH
2022-04-27,17700,18700,17500,18550,5274300,APH
2022-04-28,18550,19250,18150,18400,4455900,APH
2022-04-29,18500,19400,18450,18950,5902000,APH
2022-05-04,19000,19300,18550,18650,3765000,APH
2022-05-05,18800,19200,17950,18200,4423600,APH
2022-05-06,17750,18000,16950,16950,3408100,APH
2022-05-09,16850,16850,15800,15800,2560400,APH
2022-05-10,14800,16000,14750,16000,4033000,APH
2022-05-11,16100,16500,15850,16149,3418900,APH
2022-05-12,16149,16300,15050,15050,2758300,APH
2022-05-13,15000,15300,14000,14000,4352400,APH
2022-05-16,14400,14700,13050,13050,4257800,APH
2022-05-17,13050,13950,12950,13950,5807500,APH
2022-05-18,14300,14650,14000,14400,3246500,APH
2022-05-19,13700,14450,13700,14200,3216700,APH
2022-05-20,14250,14600,14100,14400,2444900,APH
2022-05-23,14600,14850,14000,14400,2068400,APH
2022-05-24,14400,14500,13700,14400,2007400,APH
2022-05-25,14450,15400,14300,15400,3700800,APH
2022-05-26,16000,16450,15900,16450,4773500,APH
2022-05-27,16600,17050,16200,16450,3225600,APH
2022-05-30,16450,16600,16050,16350,4203200,APH
2022-05-31,16300,16400,15900,15900,5049700,APH
2022-06-01,16000,16350,15900,16200,2137000,APH
2022-06-02,16300,16300,15700,15750,1988600,APH
2022-06-03,15750,15900,15450,15450,2747700,APH
2022-06-06,15450,15500,14500,14500,3514300,APH
2022-06-07,14500,14800,14150,14750,2296600,APH
2022-06-08,14750,15250,14700,15200,2300900,APH
2022-06-09,15200,16100,14950,15750,2898200,APH
2022-06-10,15500,15600,14900,15000,1921500,APH
2022-06-13,14300,14700,13950,13950,2325600,APH
2022-06-14,13500,14150,13350,13350,3170800,APH
2022-06-15,13450,13600,12450,12450,2066600,APH
2022-06-16,12750,13000,12400,12450,1707000,APH
2022-06-17,12350,12350,11600,11650,4699600,APH
2022-06-20,11800,12200,10850,10850,2731500,APH
2022-06-21,10900,11200,10200,10700,2001000,APH
2022-06-22,10900,11400,10800,11400,1788300,APH
2022-06-23,11600,11900,11450,11650,1090600,APH
2022-06-24,11750,12450,11700,12200,2233600,APH
2022-06-27,12200,12500,11900,12450,1956100,APH
2022-06-28,12400,13000,12300,12800,2895700,APH
2022-06-29,12600,13100,12400,12800,2123800,APH
2022-06-30,12800,12900,12000,12000,3206100,APH
2022-07-01,11800,12200,11300,12200,2149300,APH
2022-07-04,12300,12500,12150,12350,1450200,APH
2022-07-05,12350,12550,11850,12200,1454900,APH
2022-07-06,12000,12100,11400,11500,1600100,APH
2022-07-07,11500,11750,11300,11600,1728300,APH
2022-07-08,11800,12200,11750,12050,2517000,APH
2022-07-11,12250,12800,12100,12600,2832900,APH
2022-07-12,12650,13200,12500,13050,3759100,APH
2022-07-13,13050,13150,12850,12850,1982000,APH
2022-07-14,12800,13100,12550,12950,1937900,APH
2022-07-15,13000,13600,12950,13400,6504200,APH
2022-07-18,13500,13650,13100,13300,1973100,APH
2022-07-19,13250,13300,12700,13100,2036800,APH
2022-07-20,13300,13550,13100,13400,2294700,APH
2022-07-21,13400,13550,13000,13050,2110100,APH
2022-07-22,13100,13650,13050,13150,4121900,APH
2022-07-25,13200,13250,12900,13100,1682300,APH
2022-07-26,13100,13150,12750,12750,1614900,APH
2022-07-27,12500,12600,12250,12600,2523700,APH
2022-07-28,12750,13150,12700,13000,2892800,APH
2022-07-29,13100,13150,12900,13000,1621600,APH
2022-08-01,13050,13500,12950,13500,3320700,APH
2022-08-02,13600,14200,13600,13950,4394400,APH
2022-08-03,13950,13950,13650,13950,2837800,APH
2022-08-04,14150,14250,13750,13850,3197000,APH
2022-08-05,13800,13950,13600,13900,2102200,APH
2022-08-08,14000,14550,13900,14550,4288000,APH
2022-08-09,14650,14650,14300,14400,2943800,APH
2022-08-10,14400,14800,14300,14600,3352400,APH
2022-08-11,14600,14800,14000,14000,4827700,APH
2022-08-12,13900,14100,13800,14100,2326900,APH
2022-08-15,14150,14200,14000,14100,1716600,APH
2022-08-16,14100,14400,13900,14000,2357600,APH
2022-08-17,14000,14100,13750,14000,2139900,APH
2022-08-18,13850,13900,13600,13800,1707000,APH
2022-08-19,13850,13850,13300,13400,2467200,APH
2022-08-22,13350,13500,12900,13250,2859000,APH
2022-08-23,13150,13450,13100,13450,2009700,APH
2022-08-24,13550,13800,13450,13550,1419000,APH
2022-08-25,13550,13650,13450,13550,1672900,APH
2022-08-26,13550,13800,13400,13600,2574800,APH
2022-08-29,13300,13300,12800,13300,2545500,APH
2022-08-30,13400,13500,12900,13150,3348600,APH
2022-08-31,13000,13200,12850,13150,2277400,APH
2022-09-05,13150,13250,12900,13150,1073600,APH
2022-09-06,13150,13200,12850,12850,1707700,APH
2022-09-07,12850,12950,12200,12200,2623100,APH
2022-09-08,12450,12500,12050,12350,1935900,APH
2022-09-09,12400,12500,11800,12200,2254500,APH
2022-09-12,12200,12450,12050,12150,1580500,APH
2022-09-13,12150,12350,12050,12350,1497200,APH
2022-09-14,12050,12300,11600,12250,1644600,APH
2022-09-15,12300,12400,12050,12150,1137300,APH
2022-09-16,12150,12150,11500,11500,2766700,APH
2022-09-19,11700,11800,11100,11200,2219700,APH
2022-09-20,11300,11500,11050,11500,1786300,APH
2022-09-21,11200,11450,11200,11350,1049600,APH
2022-09-22,11200,11700,11150,11600,1635000,APH
2022-09-23,11600,11700,11350,11350,1260500,APH
2022-09-26,11200,11250,10750,11000,2043800,APH
2022-09-27,11000,11150,10900,11100,1349400,APH
2022-09-28,11000,11150,10850,10850,1047800,APH
2022-09-29,11100,11150,10750,10850,1311700,APH
2022-09-30,10800,10950,10200,10850,2156300,APH
2022-10-03,10900,10900,10100,10100,1063400,APH
2022-10-04,10300,10500,10000,10100,1835300,APH
2022-10-05,10300,10550,10250,10400,1550200,APH
2022-10-06,10400,10450,9750,9800,1457000,APH
2022-10-07,9690,9690,9120,9120,1659100,APH
2022-10-10,8950,9280,8800,9250,3768200,APH
2022-10-11,9250,9300,8610,8610,1425000,APH
2022-10-12,8610,9190,8610,9000,2550100,APH
2022-10-13,9000,9070,8800,9040,1908300,APH
2022-10-14,9100,9500,9100,9280,2294400,APH
2022-10-17,9270,9270,8900,9170,1040500,APH
2022-10-18,9200,9420,9180,9260,1686800,APH
2022-10-19,9280,9330,9120,9300,1463900,APH
2022-10-20,9290,9290,9100,9130,554100,APH
2022-10-21,9140,9160,8500,8530,1237100,APH
2022-10-24,8570,8610,7940,7970,1257000,APH
2022-10-25,7980,8100,7420,8000,2633200,APH
2022-10-26,8029,8090,7500,7800,772200,APH
2022-10-27,7830,8200,7820,8109,1157500,APH
2022-10-28,8160,8500,8160,8410,2480300,APH
2022-10-31,8390,8480,8109,8290,990200,APH
2022-11-01,8310,8490,8260,8440,2022500,APH
2022-11-02,8450,8540,8330,8440,1413800,APH
2022-11-03,8050,8400,8050,8200,1544300,APH
2022-11-04,8070,8200,7630,7810,2072600,APH
2022-11-07,7870,8000,7270,7270,1339400,APH
2022-11-08,7200,7350,7000,7230,1151900,APH
2022-11-09,7260,7420,7200,7280,975800,APH
2022-11-10,7260,7260,6780,6780,662600,APH
2022-11-11,6870,6920,6310,6400,1341000,APH
2022-11-14,6300,6300,5960,5960,1328100,APH
2022-11-15,5610,5960,5550,5550,744100,APH
2022-11-16,5170,5930,5170,5930,2709900,APH
2022-11-17,6000,6340,6000,6340,2211600,APH
2022-11-18,6380,6780,6010,6780,4175900,APH
2022-11-21,6800,7250,6800,7250,2886200,APH
2022-11-22,7300,7400,7050,7200,2808800,APH
2022-11-23,7200,7400,6850,7020,1734600,APH
2022-11-24,7020,7250,6850,7250,2415400,APH
2022-11-25,7280,7550,7250,7550,3062900,APH
2022-11-28,7700,8070,7700,8000,3285700,APH
2022-11-29,8000,8480,7660,7940,3063900,APH
2022-11-30,7950,8000,7690,8000,3528800,APH
2022-12-01,8200,8560,8100,8390,5299700,APH
2022-12-02,8400,8500,8080,8450,4063400,APH
2022-12-05,8620,8800,8380,8590,3413000,APH
2022-12-06,8590,8600,7990,7990,4164800,APH
2022-12-07,7970,8080,7520,7800,2586800,APH
2022-12-08,7850,8340,7810,7950,3358900,APH
2022-12-09,7990,8050,7700,7800,1425500,APH
2022-12-12,7950,8029,7790,7840,2185600,APH
2022-12-13,7850,8000,7650,8000,3085800,APH
2022-12-14,8150,8390,8080,8189,3180900,APH
2022-12-15,8200,8350,7970,8000,2160800,APH
2022-12-16,7900,8050,7790,7830,3169300,APH
2022-12-19,7810,8020,7720,7840,2485600,APH
2022-12-20,7800,7840,7300,7350,4126600,APH
2022-12-21,7370,7480,7000,7290,1746800,APH
2022-12-22,7330,7590,7030,7420,1309000,APH
2022-12-23,7380,7420,7180,7330,1019500,APH
2022-12-26,7290,7500,6900,6900,948000,APH
2022-12-27,6890,7100,6880,6950,619600,APH
2022-12-27,6940,7040,6900,7040,797200,APH
2022-12-28,7040,7140,6950,7080,852800,APH
2022-12-29,7090,7140,6990,7040,815600,APH
2022-12-30,7100,7140,6990,7050,933400,APH
2023-01-03,7080,7360,7060,7300,1318300,APH
2023-01-04,7380,7490,7250,7250,1390800,APH
2023-01-05,7270,7340,7180,7270,1201500,APH
2023-01-06,7280,7320,7050,7050,1440700,APH
2023-01-09,7190,7250,7020,7070,1106200,APH
2023-01-10,7120,7120,6970,7040,1137800,APH
2023-01-11,7070,7140,7050,7060,991700,APH
2023-01-12,7100,7200,7030,7090,887500,APH
2023-01-13,7110,7290,7030,7100,1650100,APH
2023-01-16,7120,7140,7010,7030,1032600,APH
2023-01-17,7100,7230,7040,7230,2057100,APH
2023-01-18,7230,7370,7200,7340,1332900,APH
2023-01-19,7360,7440,7250,7360,1515700,APH
2023-01-27,7520,7590,7400,7440,1968900,APH
2023-01-30,7540,7960,7450,7960,3276200,APH
2023-01-31,7960,8050,7620,7750,2133100,APH
2023-02-01,7800,8200,7700,7790,3384600,APH
2023-02-02,7800,7950,7500,7550,1779700,APH
2023-02-03,7600,7700,7420,7500,903000,APH
2023-02-06,7500,7500,7320,7500,973300,APH
2023-02-07,7500,7550,7200,7250,823700,APH
2023-02-08,7260,7280,7110,7220,662500,APH
2023-02-09,7220,7430,7200,7370,867300,APH
2023-02-10,7360,7420,7260,7280,800400,APH
2023-02-13,7280,7280,6850,6860,786200,APH
2023-02-14,6830,6970,6830,6950,386600,APH
2023-02-15,6990,7100,6850,7040,557700,APH
2023-02-16,7050,7180,7000,7050,584000,APH
2023-02-17,7050,7200,7030,7070,481300,APH
2023-02-20,7180,7490,7100,7490,1264600,APH
2023-02-21,7510,7650,7420,7460,1594800,APH
2023-02-22,7400,7700,7250,7400,2071200,APH
2023-02-23,7400,7410,7170,7380,826400,APH
2023-02-24,7380,7510,7150,7200,1025300,APH
2023-02-27,7230,7230,6900,6970,730500,APH
2023-02-28,7000,7130,6940,6940,548100,APH
2023-03-01,6940,7060,6570,7060,676400,APH
2023-03-02,7070,7190,7050,7120,335100,APH
2023-03-03,7120,7200,7050,7130,604100,APH
2023-03-06,7150,7260,7130,7190,500300,APH
2023-03-07,7190,7250,7180,7230,309600,APH
2023-03-08,7200,7250,6740,7250,668000,APH
2023-03-09,7340,7340,7230,7270,402400,APH
2023-03-10,7250,7600,7110,7430,1609300,APH
2023-03-13,7300,7360,7250,7300,733700,APH
2023-03-14,7310,7350,7060,7070,959900,APH
2023-03-15,7120,7340,7120,7330,473100,APH
2023-03-16,7250,7300,7160,7300,286400,APH
2023-03-17,7320,7330,7200,7290,299300,APH
2023-03-20,7250,7280,7050,7090,386300,APH
2023-03-21,7110,7270,7070,7250,635000,APH
2023-03-22,7250,7310,7200,7230,276600,APH
2023-03-23,7180,7230,7160,7180,82000,APH
2023-03-24,7200,7290,7200,7200,563400,APH
2023-03-27,7310,7410,7290,7390,988700,APH
2023-03-28,7450,7700,7400,7580,2624400,APH
2023-03-29,7570,7660,7520,7580,1536400,APH
2023-03-30,7680,7820,7600,7600,2169500,APH
2023-03-31,7790,7790,7530,7600,1278600,APH
2023-04-03,7670,7750,7610,7620,1310900,APH
2023-04-04,7670,7750,7650,7700,1665300,APH
2023-04-05,7710,7880,7660,7760,1361300,APH
2023-04-06,8090,8350,8090,8270,6706500,APH
2023-04-07,8260,8300,8060,8119,1800600,APH
2023-04-10,8340,8350,7970,7980,2227100,APH
2023-04-11,7930,8010,7810,8000,1432200,APH
2023-04-12,8050,8070,7860,7880,1378200,APH
2023-04-13,7850,7900,7760,7780,1119400,APH
2023-04-14,7780,7810,7630,7640,1321300,APH
2023-04-17,7530,7590,7450,7490,1029600,APH
2023-04-18,7570,7610,7470,7540,1404900,APH
2023-04-19,7530,7770,7530,7600,1363300,APH
2023-04-20,7650,7750,7580,7660,823500,APH
2023-04-21,7640,7700,7510,7550,784600,APH
2023-04-24,7560,7600,7480,7560,577100,APH
2023-04-25,7600,7730,7580,7620,1029700,APH
2023-04-26,7610,8170,7610,8170,4553200,APH
2023-04-27,8290,8540,8210,8310,2302000,APH
2023-04-28,8300,8380,8000,8160,2124900,APH
2023-05-04,8100,8500,8050,8300,1972700,APH
2023-05-05,8460,8700,8430,8430,2211400,APH
2023-05-08,8500,8530,8300,8310,2405200,APH
2023-05-09,8400,8650,8300,8560,2518500,APH
2023-05-10,8610,8750,8590,8590,1887500,APH
2023-05-11,8650,8680,8450,8460,1590500,APH
2023-05-12,8400,8450,8300,8350,1809600,APH
2023-05-15,8350,8650,8350,8480,1828100,APH
2023-05-16,8500,8590,8400,8450,738600,APH
2023-05-17,8490,9000,8350,8800,4050100,APH
2023-05-18,8950,8950,8700,8700,1110300,APH
2023-05-19,8780,8780,8370,8550,2130200,APH
2023-05-22,8580,8580,8420,8480,1247700,APH
2023-05-23,8480,8590,8460,8560,1164900,APH
2023-05-24,8560,8630,8480,8480,1106800,APH
2023-05-25,8550,8630,8450,8520,1128500,APH
2023-05-26,8630,8800,8560,8720,2301400,APH
2023-05-29,8850,9160,8850,9070,2737900,APH
2023-05-30,9070,9150,8880,9070,2270000,APH
2023-05-31,9080,9410,8980,9120,2249000,APH
2023-06-01,9200,9210,9040,9100,1695200,APH
2023-06-02,9190,9200,8920,8950,2285100,APH
2023-06-05,9000,9080,8800,8800,1800800,APH
2023-06-06,8850,8990,8800,8990,1079600,APH
2023-06-07,9000,9140,9000,9070,1681400,APH
2023-06-08,9100,9530,9070,9150,3406900,APH
2023-06-09,9160,9160,8910,9050,1508300,APH
2023-06-12,9170,9290,9000,9140,1583000,APH
2023-06-13,9240,9320,9140,9160,1907500,APH
2023-06-14,9180,9280,9060,9090,1836500,APH
2023-06-15,9090,9090,8940,8940,1166800,APH
2023-06-16,8990,9070,8890,8900,1056400,APH
2023-06-19,8850,8900,8680,8700,1524300,APH
2023-06-20,8700,8790,8660,8760,636700,APH
2023-06-21,8760,8920,8760,8890,874500,APH
2023-06-22,8910,9090,8900,9010,1098300,APH
2023-06-23,9080,9080,8900,8970,888800,APH
2023-06-26,8950,8990,8720,8880,983300,APH
2023-06-27,8900,8900,8800,8820,1008800,APH
2023-06-28,8870,9000,8820,8870,1051000,APH
2023-06-29,8870,8870,8700,8700,1076600,APH
2023-06-30,8660,8770,8660,8700,558400,APH
2023-07-03,8900,8900,8690,8710,405900,APH
2023-07-04,8710,8770,8650,8770,510900,APH
2023-07-05,8860,8990,8840,8930,1572700,APH
2023-07-06,8900,9060,8650,8850,1785300,APH
2023-07-07,8820,8880,8700,8760,565600,APH
2023-07-10,8800,8880,8760,8800,1185900,APH
2023-07-11,8820,8990,8820,8940,2120600,APH
2023-07-12,8960,9100,8900,8910,1933000,APH
2023-07-13,8950,9200,8900,9110,1701000,APH
2023-07-14,9170,9230,8990,9130,1910800,APH
2023-07-17,9220,9310,9130,9210,2104400,APH
2023-07-18,9200,9220,9060,9060,1277300,APH
2023-07-19,9080,9150,8910,8910,1448400,APH
2023-07-20,8900,8980,8850,8950,529200,APH
2023-07-21,8950,9080,8940,9080,961500,APH
2023-07-24,9120,9600,9100,9490,3424900,APH
2023-07-25,9500,9940,9410,9790,3825000,APH
2023-07-26,9850,9850,9600,9710,2147500,APH
2023-07-27,9750,9850,9510,9620,2308500,APH
2023-07-28,9620,9790,9620,9680,1499400,APH
2023-07-31,9640,9660,9260,9350,4033700,APH
2023-08-01,9340,9650,9310,9350,2228900,APH
2023-08-02,9420,9430,9300,9380,1402800,APH
2023-08-03,9380,9470,9280,9330,1584400,APH
2023-08-04,9330,9600,9290,9550,2701800,APH
2023-08-07,9590,9690,9500,9560,2250600,APH
2023-08-08,9580,9800,9580,9650,2794700,APH
2023-08-09,9660,10300,9600,10300,3099000,APH
2023-08-10,10850,10850,10100,10300,6962900,APH
2023-08-11,10400,10450,9910,10200,4238700,APH
2023-08-14,10250,10350,10100,10300,2752800,APH
2023-08-15,10300,10600,10200,10300,2944700,APH
2023-08-16,10350,10350,10000,10150,3272300,APH
2023-08-17,10150,10150,9900,9930,2482700,APH
2023-08-18,9760,9800,9130,9130,4369700,APH
2023-08-21,9050,9130,8650,8810,1717900,APH
2023-08-22,8900,9000,8590,9000,1559600,APH
2023-08-23,9050,9150,8850,8850,847600,APH
2023-08-24,8860,8990,8840,8980,894400,APH
2023-08-25,8970,9180,8940,8950,1062800,APH
2023-08-28,9020,9050,8940,9050,850400,APH
2023-08-29,9100,9250,9070,9090,1058400,APH
2023-08-30,9140,9200,9010,9100,1022400,APH
2023-08-31,9150,9190,9050,9140,1121500,APH
2023-09-05,9250,9350,9200,9260,1451800,APH
2023-09-06,9310,9400,9170,9340,1303500,APH
2023-09-07,9440,9530,9310,9390,1538900,APH
2023-09-08,9400,9400,9310,9320,1121800,APH
2023-09-11,9400,9460,9000,9000,1597400,APH
2023-09-12,9090,9090,8950,9050,1177900,APH
2023-09-13,9090,9120,8810,8900,1995100,APH
2023-09-14,8900,8950,8690,8730,1542000,APH
2023-09-15,8750,8830,8720,8800,820600,APH
2023-09-18,8800,9090,8700,8980,1067900,APH
2023-09-19,9070,9070,8870,9000,801600,APH
2023-09-20,9080,9100,9000,9100,934700,APH
2023-09-21,9160,9370,9100,9250,1839600,APH
2023-09-22,9020,9150,8800,8950,1232500,APH
2023-09-25,8930,9030,8330,8330,1330900,APH
2023-09-26,8320,8340,7990,8000,1681700,APH
2023-09-27,8000,8250,7730,8100,1097800,APH
2023-09-28,8100,8109,7860,7910,543700,APH
2023-09-29,7990,8050,7900,8000,470500,APH
2023-10-02,8000,8140,7990,8020,431500,APH
2023-10-03,8010,8020,7680,7680,1023200,APH
2023-10-04,7400,8010,7400,7750,454900,APH
2023-10-05,7760,7850,7600,7790,521100,APH
2023-10-06,7740,7820,7600,7760,708300,APH
2023-10-09,7870,7960,7770,7780,446900,APH
2023-10-10,7890,7920,7800,7880,363300,APH
2023-10-11,7820,7950,7820,7950,487900,APH
2023-10-12,7950,8100,7950,8000,688700,APH
2023-10-13,8010,8010,7820,7890,408500,APH
2023-10-16,7890,7980,7750,7780,535200,APH
2023-10-17,7900,7910,7770,7770,288800,APH
2023-10-18,7770,7800,7350,7350,506200,APH
2023-10-19,7500,7500,7300,7350,352200,APH
2023-10-20,7300,7550,7300,7550,342100,APH
2023-10-23,7570,7640,7500,7500,298500,APH
2023-10-24,7520,7600,7500,7510,200400,APH
2023-10-25,7570,7620,7510,7510,159000,APH
2023-10-26,6990,7500,6990,7000,1185300,APH
2023-10-27,7010,7200,6810,7110,347500,APH
2023-10-30,7010,7100,6910,6980,219600,APH
2023-10-31,6980,7100,6900,6900,369500,APH
2023-11-01,6900,6950,6740,6940,558600,APH
2023-11-02,7050,7300,7020,7270,585900,APH
2023-11-03,7320,7390,7230,7240,402300,APH
2023-11-06,7250,7330,7200,7250,378200,APH
2023-11-07,7250,7260,7150,7190,339700,APH
2023-11-08,7220,7540,7180,7520,657500,APH
2023-11-09,7550,7720,7500,7570,642900,APH
2023-11-10,7390,7520,7390,7420,678400,APH
2023-11-13,7500,7620,7410,7510,370600,APH
2023-11-14,7520,7750,7520,7600,388100,APH
2023-11-15,7750,7860,7700,7730,820100,APH
2023-11-16,7800,7800,7650,7660,216400,APH
2023-11-17,7660,7830,7520,7560,662100,APH
2023-11-20,7490,7560,7360,7560,414300,APH
2023-11-21,7690,7690,7560,7610,251000,APH
2023-11-22,7620,7670,7520,7600,595900,APH
2023-11-23,7700,7790,7570,7570,728800,APH
2023-11-24,7570,7570,7300,7450,597000,APH
2023-11-27,7450,7550,7420,7420,272100,APH
2023-11-28,7400,7440,7250,7360,321800,APH
2023-11-29,7390,7600,7390,7400,347700,APH
2023-11-30,7430,7540,7430,7480,331400,APH
2023-12-01,7500,7510,7400,7460,169600,APH
2023-12-04,7500,7700,7500,7610,594100,APH
2023-12-05,7620,7680,7610,7630,450900,APH
2023-12-06,7600,7930,7600,7900,792600,APH
2023-12-07,7910,7980,7550,7830,790800,APH
2023-12-08,7900,7920,7700,7790,420200,APH
2023-12-11,7790,7800,7690,7700,414000,APH
2023-12-12,7720,7770,7700,7720,253400,APH
2023-12-13,7800,7810,7580,7600,476100,APH
2023-12-14,7750,7750,7560,7560,270000,APH
2023-12-15,7580,7590,7450,7480,532500,APH
2023-12-18,7490,7570,7400,7400,304300,APH
2023-12-19,7370,7480,7300,7400,326800,APH
2023-12-20,7420,7480,7390,7480,167700,APH
2023-12-21,7400,7480,7390,7480,265900,APH
2023-12-22,7480,7500,7430,7500,464600,APH
2023-12-25,7500,7570,7460,7550,395100,APH
2023-12-26,7540,7590,7500,7510,262400,APH
2023-12-27,7510,7700,7510,7660,639900,APH
2023-12-28,7660,7700,7640,7670,307900,APH
2023-12-29,7680,7770,7670,7680,477200,APH
2024-01-02,7700,7790,7680,7700,395800,APH
2024-01-03,7740,7860,7680,7830,546400,APH
2024-01-04,7850,7850,7780,7780,781900,APH
2024-01-05,7780,7840,7650,7700,425300,APH
2024-01-08,7700,7770,7690,7740,533400,APH
2024-01-09,7800,7800,7670,7680,300100,APH
2024-01-10,7680,7770,7670,7670,417600,APH
2024-01-11,7670,7760,7670,7700,346800,APH
2024-01-12,7700,7710,7590,7600,598300,APH
2024-01-15,7600,7670,7600,7610,276600,APH
2024-01-16,7610,7610,7520,7560,317800,APH
2024-01-17,7560,7590,7490,7530,522500,APH
2024-01-18,7520,7560,7510,7550,186100,APH
2024-01-19,7570,7650,7550,7580,310800,APH
2024-01-22,7580,7800,7580,7800,666300,APH
2024-01-23,7800,7810,7710,7740,223500,APH
2024-01-24,7800,7800,7710,7740,190000,APH
2024-01-25,7690,8200,7690,8060,1233200,APH
2024-01-26,8060,8080,8000,8000,377200,APH
2024-01-29,8060,8300,8050,8109,562600,APH
2024-01-30,8200,8270,8080,8109,788900,APH
2024-01-31,8140,8210,7950,8000,970000,APH
2024-02-01,8000,8500,7930,8400,1281700,APH
2024-02-02,8450,8450,8250,8250,474000,APH
2024-02-05,8250,8360,8200,8210,590400,APH
2024-02-06,8210,8340,8210,8210,411500,APH
2024-02-07,8210,8400,8189,8400,754100,APH
2024-02-15,8400,8530,8390,8480,580700,APH
2024-02-16,8430,8530,8390,8530,640100,APH
2024-02-19,8600,8600,8450,8500,479000,APH
2024-02-20,8490,8630,8460,8630,1162600,APH
2024-02-21,8670,8820,8560,8800,875700,APH
2024-02-22,8900,8900,8650,8650,1017500,APH
2024-02-23,8660,8700,8300,8400,1045400,APH
2024-02-26,8490,8500,8350,8420,1348400,APH
2024-02-27,8490,8500,8430,8500,526300,APH
2024-02-28,8480,8700,8480,8630,975500,APH
2024-02-29,8630,8640,8480,8530,576400,APH
2024-03-01,8550,8570,8460,8570,367800,APH
2024-03-04,8700,8700,8550,8650,689300,APH
2024-03-05,8590,8680,8490,8600,570900,APH
2024-03-06,8590,8690,8450,8550,666200,APH
2024-03-07,8590,8600,8390,8550,1040000,APH
2024-03-08,8550,8550,8280,8280,1157500,APH
2024-03-11,8380,8380,8020,8020,1132600,APH
2024-03-12,8020,8119,7960,8060,1048300,APH
2024-03-13,8060,8150,7990,8090,790700,APH
2024-03-14,8109,8170,8029,8090,858300,APH
2024-03-15,8090,8090,7990,8070,739000,APH
2024-03-18,8070,8150,7850,7940,1162100,APH
2024-03-19,7910,7950,7850,7910,462200,APH
2024-03-20,8039,8039,7930,8010,398600,APH
2024-03-21,8029,8160,8029,8130,723600,APH
2024-03-22,8130,8210,8050,8060,700400,APH
2024-03-25,8060,8100,7960,7980,582500,APH
2024-03-26,7960,8060,7930,8000,464600,APH
2024-03-27,8000,8029,7950,7990,380600,APH
2024-03-28,8050,8050,7950,7980,478900,APH
2024-03-29,7980,8500,7940,8189,1254900,APH
2024-04-01,8170,8420,8119,8310,1695000,APH
2024-04-02,8340,8400,8210,8400,995900,APH
2024-04-03,8310,8950,8310,8800,3102500,APH
2024-04-04,8800,8810,8590,8620,1374000,APH
2024-04-05,8560,8560,8410,8450,1312900,APH
2024-04-08,8350,8390,8050,8050,1419200,APH
2024-04-09,8050,8100,8000,8100,566700,APH
2024-04-10,8109,8180,8010,8020,444100,APH
2024-04-11,7990,8029,7950,8010,511900,APH
2024-04-12,8010,8109,7950,7990,656500,APH
2024-04-15,7440,7870,7440,7440,3305700,APH
2024-04-16,7180,7350,6990,7200,1203900,APH
2024-04-17,7210,7700,7200,7540,1233700,APH
2024-04-19,7530,7600,7300,7540,1087000,APH
2024-04-22,7640,7770,7480,7730,1060800,APH
2024-04-23,7730,7930,7470,7540,855100,APH
2024-04-24,7620,7790,7570,7650,740600,APH
2024-04-25,7650,7730,7540,7650,378000,APH
2024-04-26,7600,8100,7580,8100,981200,APH
2024-05-02,8280,8400,8119,8200,699500,APH
2024-05-03,8200,8370,8070,8100,568200,APH
2024-05-06,8100,8290,8070,8290,644800,APH
2024-05-07,8340,8600,8280,8480,1460900,APH
2024-05-08,8480,8500,8330,8500,1176100,APH
2024-05-09,8500,8540,8410,8480,1090900,APH
2024-05-10,8790,9070,8730,9070,6308400,APH
2024-05-13,9670,9700,9590,9700,6281800,APH
2024-05-14,9800,9940,9500,9720,3613500,APH
2024-05-15,9760,10150,9760,9850,3787300,APH
2024-05-16,10150,10150,9550,9610,2479700,APH
2024-05-17,9740,9910,9460,9900,4584800,APH
2024-05-20,10000,10300,9700,9880,3886900,APH
2024-05-21,9990,10050,9770,10000,3065000,APH
2024-05-22,10000,10400,9870,9880,4177100,APH
2024-05-23,9660,10300,9550,10000,4061500,APH
2024-05-24,9990,10200,9500,9650,3224700,APH
2024-05-27,9660,9900,9620,9850,1903800,APH
2024-05-28,9900,10500,9870,10500,10624400,APH
2024-05-29,10800,11100,10600,10800,4830800,APH
2024-05-30,10750,11050,10400,10650,4077600,APH
2024-05-31,10600,11100,10550,10750,4211100,APH
2024-06-03,10800,11000,10400,10500,3844000,APH
2024-06-04,10550,10850,10400,10650,4412000,APH
2024-06-05,10700,11000,10200,10200,4377200,APH
2024-06-06,10300,10900,10250,10900,8866100,APH
2024-06-07,10950,11000,10450,10550,3936200,APH
2024-06-10,10700,10800,10300,10300,2551500,APH
2024-06-11,10450,10500,9770,9920,4568000,APH
2024-06-12,9900,10250,9900,10250,3314400,APH
2024-06-13,10250,10250,9830,9900,2534500,APH
2024-06-14,10000,10000,9210,9210,4501000,APH
2024-06-17,9200,9290,9100,9100,3020700,APH
2024-06-18,9100,9500,9100,9300,1641900,APH
2024-06-19,9330,9440,9210,9330,1153400,APH
2024-06-20,9400,9590,9260,9400,1568100,APH
2024-06-21,9410,9690,9330,9600,1893600,APH
2024-06-24,9560,9560,9100,9270,1413200,APH
2024-06-25,9360,9390,9180,9350,975400,APH
2024-06-26,9340,9650,9340,9580,2415400,APH
2024-06-27,9640,9720,9420,9460,919000,APH
2024-06-28,9450,9590,9000,9000,1828900,APH
2024-07-01,9000,9210,8890,9170,1385100,APH
2024-07-02,9240,9350,9140,9170,723100,APH
2024-07-03,9180,9270,9100,9210,926400,APH
2024-07-04,9160,9440,9160,9310,1367000,APH
2024-07-05,9320,9690,9320,9610,2213000,APH
2024-07-08,9670,9800,9430,9510,1598000,APH
2024-07-09,9510,9690,9390,9510,1881300,APH
2024-07-10,9520,9530,9330,9330,1543400,APH
2024-07-11,9490,9620,9380,9500,1054700,APH
2024-07-12,9560,9630,9390,9410,1658400,APH
2024-07-15,9420,10050,9420,9980,5019600,APH
2024-07-16,10000,10150,9840,9940,1488100,APH
2024-07-17,9940,10200,9300,9500,3584700,APH
2024-07-18,9590,9700,9400,9550,1502600,APH
2024-07-19,9430,9600,9280,9320,1826200,APH
2024-07-22,9320,9530,9000,9190,2037400,APH
2024-07-23,9190,9250,8600,8710,1649500,APH
2024-07-24,8600,8900,8600,8860,1727600,APH
2024-07-25,8850,8850,8600,8700,856800,APH
2024-07-26,8700,8900,8700,8900,733100,APH
2024-07-29,8910,9060,8820,8890,878500,APH
2024-07-30,9260,9510,9260,9510,4682300,APH
2024-07-31,9610,9750,9370,9370,1599200,APH
2024-08-01,9310,9420,8880,9070,2165000,APH
2024-08-02,8920,9300,8910,9300,1840100,APH
2024-08-05,8700,9030,8650,8650,2974500,APH
2024-08-06,8690,9170,8630,8830,1784800,APH
2024-08-07,8800,9050,8800,9000,1339200,APH
2024-08-08,8970,9100,8770,8850,732600,APH
2024-08-09,8890,9100,8830,8880,985400,APH
2024-08-12,8840,9050,8840,8950,346900,APH
2024-08-13,8900,9020,8840,8950,726800,APH
2024-08-14,9020,9020,8550,8800,2780700,APH
2024-08-15,8780,8780,8360,8360,1941100,APH
2024-08-16,8400,8630,8400,8590,1425300,APH
2024-08-19,8730,8770,8490,8590,1601600,APH
2024-08-20,8590,8610,8390,8580,2793100,APH
2024-08-21,8400,8490,8340,8420,3004600,APH
2024-08-22,8480,8480,8100,8200,3361500,APH
2024-08-23,7900,7990,7630,7630,10039600,APH
2024-08-26,7600,7790,7400,7480,2426500,APH
2024-08-27,7580,7660,7400,7550,1898100,APH
2024-08-28,7570,7580,7480,7540,1110100,APH
2024-08-29,7530,7540,7420,7460,995900,APH
2024-08-30,7480,7500,7350,7350,1478900,APH
2024-09-04,7180,7220,7060,7150,1739600,APH
2024-09-05,7200,7330,7140,7190,888000,APH
2024-09-06,7130,7160,6690,6690,7052500,APH
2024-09-09,6700,6730,6310,6730,1458900,APH
2024-09-10,6700,6710,6520,6530,2152800,APH
2024-09-11,6490,6500,6200,6210,2661100,APH
2024-09-12,6210,6400,6050,6050,1770000,APH
2024-09-13,6000,6370,6000,6240,2136400,APH
2024-09-16,6270,6550,6260,6410,1824100,APH
2024-09-17,6410,6410,6220,6230,1783500,APH
2024-09-18,6300,6340,6180,6280,838300,APH
2024-09-19,6330,6350,6200,6270,898000,APH
2024-09-20,6270,6350,6270,6270,676500,APH
2024-09-23,6270,6340,6230,6330,525400,APH
2024-09-24,6330,6580,6290,6520,1290800,APH
2024-09-25,6490,6560,6440,6470,720000,APH
2024-09-26,6500,6500,6400,6440,1005600,APH
2024-09-27,6400,6410,6300,6310,1764200,APH
2024-09-30,6280,6440,6230,6390,1054700,APH
2024-10-01,6400,6600,6400,6430,878800,APH
2024-10-02,6410,6470,6350,6460,1187600,APH
2024-10-03,6460,6460,6300,6340,798300,APH
2024-10-04,6350,6530,6250,6330,699700,APH
2024-10-07,6330,6400,6280,6340,389100,APH
2024-10-08,6370,6400,6290,6360,330600,APH
2024-10-09,6350,6410,6250,6370,401600,APH
2024-10-10,6430,6450,6280,6380,614500,APH
2024-10-11,6380,6650,6310,6550,1199200,APH
2024-10-14,6570,6640,6430,6480,379700,APH
2024-10-15,6500,6500,6370,6380,602500,APH
2024-10-16,6380,6490,6360,6380,356900,APH
2024-10-17,6380,6400,6330,6360,415000,APH
2024-10-18,6360,6420,6350,6350,270200,APH
2024-10-21,6350,6400,6340,6340,302800,APH
2024-10-22,6390,6390,6310,6340,569000,APH
2024-10-23,6350,6370,6290,6340,309100,APH
2024-10-24,6340,6390,6250,6340,501800,APH
2024-10-25,6340,6340,6260,6290,418100,APH
2024-10-28,6290,6370,6290,6330,226200,APH
2024-10-29,6310,6350,6150,6330,2722000,APH
2024-10-30,6290,6390,6290,6310,388600,APH
2024-10-31,6300,6320,6270,6300,542800,APH
2024-11-01,6270,6290,6150,6180,636500,APH
